airline,date_of_journey,source,destination,dep_time,arrival_time,duration,total_stops,additional_info,price
Air India,2019-05-15,Kolkata,Banglore,05:50:00,12:30:00,1840,2.0,No Info,12723
Jet Airways,2019-05-09,Delhi,Cochin,02:15:00,12:35:00,620,1.0,In-flight meal not included,12373
Indigo,2019-06-21,Kolkata,Banglore,21:25:00,00:05:00,160,0.0,No Info,4804
Indigo,2019-03-01,Mumbai,Hyderabad,09:10:00,10:40:00,90,0.0,No Info,13999
Jet Airways,2019-06-06,Delhi,Cochin,09:40:00,19:00:00,560,2.0,In-flight meal not included,10368
Indigo,2019-04-06,Kolkata,Banglore,15:30:00,18:05:00,155,0.0,No Info,4174
Jet Airways,2019-05-18,Kolkata,Banglore,05:45:00,09:20:00,1655,1.0,No Info,14388
Indigo,2019-03-27,Delhi,Cochin,17:30:00,01:35:00,485,1.0,No Info,6628
Air Asia,2019-04-12,Banglore,Delhi,04:55:00,07:45:00,170,0.0,No Info,4282
Jet Airways,2019-06-24,Banglore,Delhi,19:50:00,22:50:00,180,0.0,In-flight meal not included,6478
Jet Airways,2019-04-24,Banglore,Delhi,19:50:00,22:50:00,180,0.0,In-flight meal not included,4544
Goair,2019-05-21,Delhi,Cochin,07:00:00,12:55:00,355,1.0,No Info,6633
Jet Airways,2019-05-06,Banglore,Delhi,06:00:00,08:45:00,165,0.0,In-flight meal not included,5198
Jet Airways,2019-06-09,Kolkata,Banglore,20:25:00,23:35:00,1630,1.0,No Info,12692
Air India,2019-03-24,Kolkata,Banglore,07:00:00,08:55:00,1555,1.0,No Info,12173
Air India,2019-03-15,Banglore,New Delhi,06:45:00,12:15:00,330,1.0,No Info,8714
Indigo,2019-03-24,Banglore,New Delhi,23:30:00,02:20:00,170,0.0,No Info,6860
Jet Airways,2019-03-24,Kolkata,Banglore,08:25:00,22:35:00,850,1.0,In-flight meal not included,10031
Jet Airways,2019-05-01,Kolkata,Banglore,17:00:00,09:45:00,1005,1.0,In-flight meal not included,9314
Indigo,2019-06-03,Banglore,Delhi,16:55:00,19:55:00,180,0.0,No Info,4823
Jet Airways,2019-05-03,Banglore,Delhi,06:00:00,08:45:00,165,0.0,No Info,7229
Jet Airways,2019-05-18,Delhi,Cochin,07:05:00,19:00:00,715,1.0,In-flight meal not included,12373
Air Asia,2019-06-24,Kolkata,Banglore,19:55:00,22:25:00,150,0.0,No Info,3807
Indigo,2019-05-27,Banglore,Delhi,07:10:00,10:05:00,175,0.0,No Info,4823
Jet Airways,2019-03-15,Banglore,New Delhi,05:45:00,11:25:00,340,1.0,In-flight meal not included,9134
Multiple Carriers,2019-06-12,Delhi,Cochin,10:00:00,21:00:00,660,1.0,No Info,13587
Jet Airways,2019-03-09,Banglore,New Delhi,08:55:00,09:30:00,1475,1.0,In-flight meal not included,11087
Jet Airways,2019-06-24,Banglore,Delhi,11:10:00,14:05:00,175,0.0,In-flight meal not included,5769
Jet Airways,2019-06-09,Kolkata,Banglore,20:00:00,12:00:00,960,1.0,In-flight meal not included,10844
Spicejet,2019-05-15,Kolkata,Banglore,15:55:00,21:25:00,330,1.0,No Info,7804
Air India,2019-05-24,Kolkata,Banglore,07:00:00,01:20:00,1100,2.0,No Info,14083
Air India,2019-03-15,Chennai,Kolkata,11:40:00,13:55:00,135,0.0,No Info,7082
Multiple Carriers,2019-05-15,Delhi,Cochin,07:30:00,21:00:00,810,1.0,No Info,8405
Jet Airways,2019-05-01,Mumbai,Hyderabad,19:35:00,21:05:00,90,0.0,No Info,5678
Jet Airways,2019-05-09,Kolkata,Banglore,08:25:00,20:45:00,740,1.0,No Info,14781
Air India,2019-03-24,Kolkata,Banglore,05:40:00,14:35:00,1975,2.0,No Info,11522
Air India,2019-03-01,Banglore,New Delhi,06:45:00,09:25:00,1600,2.0,2 Long layover,26480
Jet Airways,2019-05-09,Kolkata,Banglore,17:00:00,10:55:00,1075,1.0,In-flight meal not included,8066
Spicejet,2019-03-06,Delhi,Cochin,16:35:00,22:50:00,375,1.0,No Info,7185
Vistara,2019-03-12,Mumbai,Hyderabad,07:30:00,19:55:00,745,1.0,No Info,12080
Jet Airways,2019-06-03,Delhi,Cochin,05:30:00,12:35:00,425,2.0,No Info,14441
Jet Airways,2019-03-06,Mumbai,Hyderabad,17:15:00,16:50:00,1415,2.0,No Info,22950
Spicejet,2019-06-06,Delhi,Cochin,17:55:00,22:50:00,295,1.0,No Info,5409
Jet Airways,2019-06-18,Banglore,Delhi,11:10:00,14:05:00,175,0.0,No Info,8016
Jet Airways,2019-05-15,Mumbai,Hyderabad,19:35:00,21:05:00,90,0.0,In-flight meal not included,2228
Air India,2019-05-01,Banglore,Delhi,06:10:00,08:55:00,165,0.0,No Info,6121
Jet Airways,2019-03-06,Banglore,New Delhi,09:45:00,14:25:00,280,1.0,No Info,16757
Jet Airways,2019-03-06,Delhi,Cochin,13:00:00,04:25:00,925,1.0,No Info,15764
Jet Airways,2019-04-01,Kolkata,Banglore,08:25:00,12:00:00,1655,1.0,In-flight meal not included,7064
Goair,2019-06-03,Delhi,Cochin,07:25:00,13:35:00,370,1.0,No Info,6976
Air India,2019-05-27,Delhi,Cochin,19:45:00,19:15:00,1410,2.0,No Info,10441
Jet Airways,2019-03-01,Banglore,New Delhi,08:55:00,05:05:00,1210,1.0,1 Long layover,26890
Indigo,2019-03-15,Kolkata,Banglore,22:10:00,00:55:00,165,0.0,No Info,4148
Jet Airways,2019-06-15,Delhi,Cochin,23:05:00,04:25:00,1760,2.0,No Info,15339
Jet Airways,2019-06-09,Delhi,Cochin,07:05:00,19:00:00,715,1.0,In-flight meal not included,10262
Multiple Carriers,2019-03-21,Delhi,Cochin,13:00:00,21:00:00,480,1.0,No Info,13062
Air India,2019-03-27,Delhi,Cochin,08:00:00,19:15:00,675,1.0,No Info,7199
Indigo,2019-05-09,Kolkata,Banglore,04:40:00,07:15:00,155,0.0,No Info,4804
Air India,2019-05-21,Delhi,Cochin,17:40:00,23:00:00,320,1.0,No Info,8067
Multiple Carriers,2019-05-27,Delhi,Cochin,10:00:00,01:30:00,930,1.0,In-flight meal not included,8925
Jet Airways,2019-05-09,Delhi,Cochin,11:30:00,19:00:00,450,1.0,In-flight meal not included,12373
Air India,2019-06-01,Delhi,Cochin,12:00:00,07:40:00,1180,2.0,No Info,10966
Spicejet,2019-05-09,Mumbai,Hyderabad,05:45:00,07:15:00,90,0.0,No Info,2017
Goair,2019-06-09,Delhi,Cochin,07:30:00,13:35:00,365,1.0,No Info,6276
Jet Airways,2019-06-27,Delhi,Cochin,22:50:00,04:25:00,335,1.0,No Info,16079
Vistara,2019-06-03,Banglore,Delhi,17:00:00,19:35:00,155,0.0,No Info,4878
Jet Airways,2019-03-12,Banglore,New Delhi,08:55:00,10:25:00,1530,1.0,In-flight meal not included,11087
Multiple Carriers,2019-05-15,Delhi,Cochin,11:30:00,21:00:00,570,1.0,No Info,13727
Spicejet,2019-03-09,Kolkata,Banglore,22:20:00,00:40:00,140,0.0,No Info,4622
Indigo,2019-06-24,Banglore,Delhi,18:55:00,21:50:00,175,0.0,No Info,4823
Multiple Carriers,2019-06-01,Delhi,Cochin,07:05:00,21:00:00,835,1.0,In-flight meal not included,10406
Multiple Carriers,2019-06-15,Delhi,Cochin,10:00:00,19:15:00,555,1.0,No Info,16108
Vistara,2019-05-01,Kolkata,Banglore,07:10:00,20:20:00,790,1.0,No Info,8610
Indigo,2019-03-27,Kolkata,Banglore,15:10:00,17:45:00,155,0.0,No Info,4148
Multiple Carriers,2019-05-21,Delhi,Cochin,10:20:00,01:30:00,910,1.0,No Info,7485
Air India,2019-03-27,Delhi,Cochin,13:00:00,19:15:00,375,1.0,No Info,6902
Goair,2019-06-01,Banglore,Delhi,07:45:00,10:40:00,175,0.0,No Info,5048
Air India,2019-03-12,Banglore,New Delhi,08:50:00,09:25:00,1475,2.0,No Info,12725
Jet Airways,2019-06-12,Delhi,Cochin,11:45:00,12:35:00,1490,2.0,No Info,13882
Multiple Carriers,2019-03-21,Delhi,Cochin,17:00:00,01:35:00,515,1.0,No Info,7363
Jet Airways,2019-04-01,Mumbai,Hyderabad,02:55:00,04:20:00,85,0.0,In-flight meal not included,2228
Indigo,2019-06-12,Kolkata,Banglore,18:05:00,23:30:00,325,1.0,No Info,6218
Air India,2019-05-15,Kolkata,Banglore,16:45:00,12:30:00,1185,2.0,No Info,14960
Jet Airways,2019-05-24,Kolkata,Banglore,14:05:00,04:40:00,875,1.0,No Info,13731
Indigo,2019-06-27,Delhi,Cochin,14:20:00,22:30:00,490,1.0,No Info,6412
Indigo,2019-05-18,Mumbai,Hyderabad,21:20:00,22:50:00,90,0.0,No Info,2227
Jet Airways,2019-03-27,Delhi,Cochin,23:05:00,19:45:00,1240,1.0,In-flight meal not included,7438
Spicejet,2019-06-06,Kolkata,Banglore,09:00:00,11:25:00,145,0.0,No Info,3873
Multiple Carriers,2019-03-06,Delhi,Cochin,07:00:00,21:00:00,840,1.0,No Info,15603
Vistara,2019-05-21,Kolkata,Banglore,07:10:00,18:50:00,700,1.0,No Info,9345
Vistara,2019-05-15,Kolkata,Banglore,07:10:00,20:20:00,790,1.0,No Info,8610
Jet Airways,2019-03-21,Banglore,New Delhi,16:55:00,10:25:00,1050,1.0,In-flight meal not included,7832
Air India,2019-06-27,Delhi,Cochin,05:15:00,06:50:00,1535,1.0,No Info,6587
Air India,2019-05-24,Kolkata,Banglore,14:35:00,14:35:00,1440,1.0,No Info,6528
Indigo,2019-06-06,Kolkata,Banglore,17:15:00,19:50:00,155,0.0,No Info,4804
Jet Airways,2019-06-03,Delhi,Cochin,14:35:00,12:35:00,1320,2.0,In-flight meal not included,10919
Indigo,2019-05-03,Banglore,Delhi,22:10:00,01:00:00,170,0.0,No Info,4284
Jet Airways,2019-06-01,Banglore,Delhi,19:50:00,22:50:00,180,0.0,No Info,8016
Indigo,2019-03-03,Banglore,New Delhi,19:35:00,00:35:00,300,1.0,No Info,13292
Spicejet,2019-04-12,Kolkata,Banglore,06:55:00,09:30:00,155,0.0,No Info,3873
Spicejet,2019-06-09,Banglore,Delhi,21:10:00,00:05:00,175,0.0,No check-in baggage included,3919
Indigo,2019-05-09,Kolkata,Banglore,20:20:00,22:55:00,155,0.0,No Info,4804
Indigo,2019-05-15,Delhi,Cochin,06:50:00,16:10:00,560,1.0,No Info,6442
Jet Airways,2019-05-12,Delhi,Cochin,11:00:00,14:15:00,195,0.0,In-flight meal not included,7202
Air India,2019-06-12,Kolkata,Banglore,09:10:00,11:05:00,1555,2.0,No Info,6117
Jet Airways,2019-06-15,Delhi,Cochin,09:00:00,19:00:00,600,1.0,No Info,14714
Jet Airways,2019-05-24,Kolkata,Banglore,20:00:00,09:20:00,800,1.0,In-flight meal not included,10844
Air Asia,2019-05-09,Delhi,Cochin,07:55:00,13:25:00,330,1.0,No Info,6751
Indigo,2019-06-09,Kolkata,Banglore,21:00:00,02:15:00,315,1.0,No Info,6911
Air India,2019-03-03,Banglore,New Delhi,00:30:00,23:55:00,1405,1.0,No Info,10394
Jet Airways,2019-06-06,Delhi,Cochin,19:45:00,19:00:00,1395,1.0,In-flight meal not included,10262
Goair,2019-03-27,Delhi,Cochin,06:00:00,13:20:00,440,1.0,No Info,4563
Air India,2019-04-01,Kolkata,Banglore,17:30:00,08:55:00,925,1.0,No Info,7893
Spicejet,2019-04-15,Delhi,Cochin,15:45:00,22:05:00,380,1.0,No Info,5899
Multiple Carriers,2019-06-03,Delhi,Cochin,08:45:00,19:15:00,630,1.0,No Info,9001
Air India,2019-04-15,Banglore,Delhi,10:00:00,12:45:00,165,0.0,No Info,6121
Multiple Carriers,2019-03-27,Delhi,Cochin,12:50:00,21:00:00,490,1.0,No Info,6637
Jet Airways,2019-05-18,Banglore,Delhi,08:20:00,11:20:00,180,0.0,In-flight meal not included,6144
Air India,2019-06-03,Delhi,Cochin,12:00:00,19:15:00,435,2.0,No Info,8603
Goair,2019-04-03,Delhi,Cochin,07:25:00,13:35:00,370,1.0,No Info,4106
Air India,2019-05-21,Delhi,Cochin,17:15:00,19:15:00,1560,2.0,No Info,11989
Jet Airways,2019-05-24,Kolkata,Banglore,20:00:00,12:00:00,960,1.0,No Info,14571
Air Asia,2019-05-21,Kolkata,Banglore,19:55:00,23:30:00,215,1.0,No Info,5162
Indigo,2019-03-21,Banglore,New Delhi,04:00:00,06:50:00,170,0.0,No Info,4777
Jet Airways,2019-04-06,Banglore,Delhi,15:15:00,18:10:00,175,0.0,No Info,7229
Air India,2019-06-27,Delhi,Cochin,12:00:00,07:40:00,1180,2.0,No Info,9653
Jet Airways,2019-05-27,Banglore,Delhi,18:55:00,22:00:00,185,0.0,In-flight meal not included,3359
Air India,2019-06-27,Banglore,Delhi,17:00:00,19:45:00,165,0.0,No Info,6961
Spicejet,2019-03-01,Chennai,Kolkata,09:30:00,12:05:00,155,0.0,No Info,7298
Jet Airways,2019-05-27,Delhi,Cochin,02:15:00,19:00:00,1005,1.0,In-flight meal not included,12898
Jet Airways,2019-03-09,Delhi,Cochin,16:00:00,18:50:00,1610,1.0,No Info,16289
Multiple Carriers,2019-05-27,Delhi,Cochin,18:15:00,01:30:00,435,1.0,In-flight meal not included,7308
Jet Airways,2019-06-12,Kolkata,Banglore,06:30:00,04:40:00,1330,1.0,In-flight meal not included,7594
Multiple Carriers,2019-06-06,Delhi,Cochin,11:40:00,19:00:00,440,1.0,No Info,11789
Indigo,2019-03-27,Delhi,Cochin,18:35:00,01:35:00,420,1.0,No Info,8574
Multiple Carriers,2019-03-21,Delhi,Cochin,10:20:00,19:15:00,535,1.0,No Info,7531
Air India,2019-06-15,Banglore,Delhi,17:00:00,19:45:00,165,0.0,No Info,7171
Jet Airways,2019-03-24,Kolkata,Banglore,16:55:00,09:15:00,980,1.0,No Info,14231
Air India,2019-05-27,Delhi,Cochin,10:55:00,19:15:00,500,2.0,No Info,13223
Jet Airways,2019-06-09,Delhi,Cochin,17:30:00,19:00:00,1530,1.0,In-flight meal not included,10262
Jet Airways,2019-06-24,Delhi,Cochin,05:30:00,04:25:00,1375,2.0,In-flight meal not included,10368
Air India,2019-06-01,Delhi,Cochin,08:00:00,19:15:00,675,1.0,No Info,9929
Multiple Carriers,2019-03-03,Delhi,Cochin,10:45:00,18:50:00,485,1.0,No Info,15135
Indigo,2019-06-24,Kolkata,Banglore,14:25:00,16:55:00,150,0.0,No Info,4804
Jet Airways,2019-03-18,Banglore,New Delhi,22:50:00,08:15:00,565,1.0,In-flight meal not included,11087
Air India,2019-06-12,Delhi,Cochin,16:55:00,19:15:00,1580,2.0,No Info,13381
Jet Airways,2019-04-01,Kolkata,Banglore,06:30:00,18:15:00,705,1.0,In-flight meal not included,7064
Multiple Carriers,2019-06-03,Delhi,Cochin,10:00:00,19:15:00,555,1.0,No Info,14848
Spicejet,2019-05-01,Chennai,Kolkata,09:45:00,12:00:00,135,0.0,No Info,3597
Jet Airways,2019-05-01,Kolkata,Banglore,16:30:00,22:35:00,365,1.0,In-flight meal not included,10844
Jet Airways,2019-03-21,Delhi,Cochin,18:20:00,18:50:00,1470,2.0,No Info,12604
Jet Airways,2019-06-06,Delhi,Cochin,11:00:00,14:15:00,195,0.0,In-flight meal not included,7202
Jet Airways,2019-05-21,Delhi,Cochin,15:00:00,04:25:00,805,1.0,In-flight meal not included,12898
Indigo,2019-05-09,Chennai,Kolkata,19:35:00,21:55:00,140,0.0,No Info,3597
Indigo,2019-06-27,Delhi,Cochin,16:10:00,22:30:00,380,1.0,No Info,6412
Jet Airways,2019-05-18,Delhi,Cochin,10:00:00,19:00:00,540,1.0,In-flight meal not included,11399
Indigo,2019-05-27,Delhi,Cochin,15:10:00,20:00:00,290,1.0,No Info,5912
Air Asia,2019-03-09,Banglore,New Delhi,05:50:00,08:40:00,170,0.0,No Info,4284
Jet Airways,2019-05-15,Kolkata,Banglore,20:25:00,14:25:00,1080,1.0,In-flight meal not included,9314
Air Asia,2019-05-27,Kolkata,Banglore,10:20:00,12:55:00,155,0.0,No Info,4409
Jet Airways,2019-06-03,Banglore,Delhi,08:20:00,11:20:00,180,0.0,In-flight meal not included,5769
Spicejet,2019-03-27,Mumbai,Hyderabad,13:10:00,14:30:00,80,0.0,No Info,2017
Indigo,2019-03-24,Kolkata,Banglore,15:10:00,17:45:00,155,0.0,No Info,7615
Jet Airways,2019-06-27,Mumbai,Hyderabad,07:05:00,08:30:00,85,0.0,In-flight meal not included,4995
Spicejet,2019-06-24,Banglore,Delhi,05:55:00,08:35:00,160,0.0,No Info,3625
Indigo,2019-03-15,Chennai,Kolkata,22:05:00,00:30:00,145,0.0,No Info,6297
Goair,2019-03-27,Delhi,Cochin,10:25:00,19:20:00,535,1.0,No Info,5281
Multiple Carriers,2019-03-03,Delhi,Cochin,07:05:00,15:30:00,505,1.0,No Info,17057
Indigo,2019-05-06,Chennai,Kolkata,13:15:00,15:35:00,140,0.0,No Info,3597
Air India,2019-05-18,Kolkata,Banglore,08:20:00,21:50:00,810,2.0,No Info,10697
Multiple Carriers,2019-05-09,Delhi,Cochin,09:00:00,19:00:00,600,1.0,No Info,10197
Jet Airways,2019-05-24,Kolkata,Banglore,09:35:00,23:35:00,840,1.0,No Info,14151
Jet Airways,2019-05-12,Kolkata,Banglore,21:10:00,04:40:00,450,1.0,No Info,13941
Jet Airways,2019-06-15,Delhi,Cochin,20:55:00,19:00:00,1325,1.0,In-flight meal not included,10262
Spicejet,2019-04-15,Delhi,Cochin,06:05:00,11:20:00,315,1.0,No Info,5583
Spicejet,2019-03-21,Kolkata,Banglore,06:55:00,09:35:00,160,0.0,No Info,4148
Indigo,2019-05-18,Delhi,Cochin,16:10:00,22:30:00,380,1.0,No Info,7640
Indigo,2019-03-09,Chennai,Kolkata,22:05:00,00:25:00,140,0.0,No Info,6297
Air India,2019-06-03,Delhi,Cochin,03:50:00,19:15:00,925,1.0,No Info,8669
Air Asia,2019-04-21,Delhi,Cochin,07:55:00,13:25:00,330,1.0,No Info,7452
Multiple Carriers,2019-03-01,Delhi,Cochin,19:00:00,01:35:00,395,1.0,No Info,23533
Jet Airways,2019-06-03,Delhi,Cochin,17:30:00,12:35:00,1145,1.0,In-flight meal not included,10262
Jet Airways,2019-05-27,Delhi,Cochin,05:30:00,12:35:00,425,2.0,No Info,16274
Air India,2019-03-03,Delhi,Cochin,19:45:00,19:15:00,1410,2.0,No Info,12856
Jet Airways,2019-03-18,Banglore,New Delhi,14:05:00,19:10:00,305,1.0,No Info,14815
Indigo,2019-06-09,Chennai,Kolkata,22:05:00,00:25:00,140,0.0,No Info,5277
Spicejet,2019-04-21,Banglore,Delhi,09:30:00,12:20:00,170,0.0,No Info,4991
Multiple Carriers,2019-05-21,Delhi,Cochin,10:20:00,19:15:00,535,1.0,No Info,8266
Jet Airways,2019-05-15,Kolkata,Banglore,16:30:00,12:00:00,1170,1.0,In-flight meal not included,10844
Indigo,2019-05-27,Delhi,Cochin,02:00:00,07:45:00,345,1.0,No Info,6147
Air India,2019-06-15,Delhi,Cochin,07:05:00,09:25:00,1580,2.0,No Info,10975
Jet Airways,2019-03-21,Banglore,New Delhi,20:35:00,11:25:00,890,1.0,In-flight meal not included,7832
Jet Airways,2019-05-27,Delhi,Cochin,07:05:00,12:35:00,330,1.0,No Info,16289
Air India,2019-03-12,Banglore,New Delhi,08:50:00,23:15:00,865,1.0,No Info,12127
Indigo,2019-03-01,Banglore,New Delhi,23:30:00,02:20:00,170,0.0,No Info,10067
Air India,2019-03-01,Banglore,New Delhi,22:00:00,23:20:00,1520,1.0,Change airports,14305
Air India,2019-03-18,Banglore,New Delhi,11:05:00,22:10:00,2105,2.0,No Info,11161
Spicejet,2019-05-01,Kolkata,Banglore,11:35:00,18:50:00,435,1.0,No Info,8479
Indigo,2019-04-06,Banglore,Delhi,10:10:00,13:00:00,170,0.0,No Info,4423
Jet Airways,2019-05-12,Kolkata,Banglore,20:25:00,19:10:00,1365,1.0,No Info,13067
Spicejet,2019-06-24,Kolkata,Banglore,17:10:00,19:40:00,150,0.0,No Info,3873
Air India,2019-06-06,Kolkata,Banglore,05:50:00,23:15:00,1045,2.0,No Info,12723
Vistara,2019-05-09,Banglore,Delhi,09:45:00,12:35:00,170,0.0,No Info,4668
Jet Airways,2019-03-12,Banglore,New Delhi,18:55:00,07:40:00,765,1.0,No Info,13817
Vistara,2019-06-12,Kolkata,Banglore,07:10:00,22:40:00,930,1.0,No Info,8452
Indigo,2019-06-27,Delhi,Cochin,07:35:00,16:10:00,515,1.0,No Info,6442
Indigo,2019-05-09,Mumbai,Hyderabad,02:35:00,04:05:00,90,0.0,No Info,2754
Air India,2019-05-06,Kolkata,Banglore,05:50:00,08:55:00,1625,2.0,No Info,10991
Indigo,2019-03-03,Chennai,Kolkata,13:20:00,15:35:00,135,0.0,No Info,7295
Jet Airways,2019-03-21,Delhi,Cochin,22:50:00,04:25:00,335,1.0,No Info,12242
Indigo,2019-05-09,Kolkata,Banglore,09:20:00,14:15:00,295,1.0,No Info,11465
Jet Airways,2019-05-01,Kolkata,Banglore,14:05:00,08:15:00,1090,1.0,In-flight meal not included,8586
Jet Airways,2019-05-01,Delhi,Cochin,23:05:00,04:25:00,1760,2.0,No Info,16704
Multiple Carriers,2019-05-18,Delhi,Cochin,17:00:00,01:30:00,510,1.0,No Info,8283
Multiple Carriers,2019-06-01,Delhi,Cochin,10:00:00,21:00:00,660,1.0,No Info,13587
Goair,2019-04-12,Banglore,Delhi,20:55:00,23:40:00,165,0.0,No Info,6722
Indigo,2019-06-12,Mumbai,Hyderabad,09:10:00,10:40:00,90,0.0,No Info,4049
Jet Airways,2019-05-06,Kolkata,Banglore,06:30:00,09:20:00,1610,1.0,In-flight meal not included,9663
Multiple Carriers,2019-06-27,Delhi,Cochin,09:45:00,22:30:00,765,1.0,No Info,9646
Vistara,2019-06-12,Kolkata,Banglore,20:20:00,23:25:00,1625,1.0,No Info,8610
Spicejet,2019-06-24,Delhi,Cochin,06:05:00,11:20:00,315,1.0,No Info,5583
Jet Airways,2019-06-15,Delhi,Cochin,09:40:00,12:35:00,1615,2.0,No Info,13014
Goair,2019-03-06,Delhi,Cochin,10:25:00,19:20:00,535,1.0,No Info,8213
Spicejet,2019-03-06,Delhi,Cochin,15:55:00,21:55:00,360,1.0,No Info,9748
Jet Airways,2019-03-27,Delhi,Cochin,19:10:00,19:45:00,1475,2.0,In-flight meal not included,8834
Multiple Carriers,2019-05-09,Delhi,Cochin,17:30:00,01:30:00,480,1.0,No Info,15078
Jet Airways,2019-05-18,Kolkata,Banglore,20:00:00,19:50:00,1430,1.0,In-flight meal not included,10844
Jet Airways,2019-03-24,Kolkata,Banglore,18:55:00,16:20:00,1285,1.0,No Info,14231
Indigo,2019-03-27,Delhi,Cochin,04:55:00,16:10:00,675,1.0,No Info,6171
Jet Airways,2019-05-21,Delhi,Cochin,19:15:00,04:25:00,550,1.0,No Info,16079
Jet Airways,2019-04-27,Banglore,Delhi,17:45:00,20:45:00,180,0.0,In-flight meal not included,4544
Multiple Carriers,2019-03-27,Delhi,Cochin,07:30:00,19:15:00,705,1.0,No Info,8371
Jet Airways,2019-05-24,Mumbai,Hyderabad,07:05:00,08:30:00,85,0.0,No Info,8040
Spicejet,2019-05-06,Mumbai,Hyderabad,13:15:00,14:45:00,90,0.0,No Info,2017
Jet Airways,2019-05-15,Kolkata,Banglore,20:25:00,10:55:00,870,1.0,No Info,14151
Jet Airways,2019-05-27,Delhi,Cochin,16:00:00,04:25:00,745,1.0,In-flight meal not included,12898
Air India,2019-03-21,Delhi,Cochin,09:00:00,19:15:00,615,1.0,No Info,6902
Vistara,2019-03-24,Kolkata,Banglore,20:20:00,18:45:00,1345,1.0,No Info,12102
Jet Airways,2019-03-01,Banglore,New Delhi,07:00:00,18:25:00,685,1.0,No Info,26890
Jet Airways,2019-03-27,Mumbai,Hyderabad,02:55:00,04:25:00,90,0.0,In-flight meal not included,1840
Goair,2019-05-15,Kolkata,Banglore,16:40:00,00:15:00,455,1.0,No Info,7831
Spicejet,2019-03-27,Delhi,Cochin,06:10:00,11:20:00,310,1.0,No Info,5351
Multiple Carriers,2019-05-18,Delhi,Cochin,07:05:00,21:00:00,835,1.0,No Info,13727
Jet Airways,2019-05-21,Kolkata,Banglore,10:20:00,17:35:00,435,1.0,No Info,8355
Air India,2019-05-24,Kolkata,Banglore,10:00:00,10:30:00,1470,3.0,No Info,13007
Air India,2019-05-18,Kolkata,Banglore,05:50:00,12:30:00,1840,2.0,No Info,12723
Jet Airways,2019-06-06,Kolkata,Banglore,18:55:00,08:15:00,800,1.0,No Info,14571
Jet Airways,2019-06-06,Banglore,Delhi,17:45:00,20:45:00,180,0.0,No Info,8016
Air Asia,2019-06-09,Kolkata,Banglore,19:55:00,22:25:00,150,0.0,No Info,4409
Jet Airways,2019-04-01,Kolkata,Banglore,16:30:00,19:50:00,1640,1.0,No Info,12681
Air Asia,2019-03-15,Kolkata,Banglore,22:50:00,01:20:00,150,0.0,No Info,3782
Spicejet,2019-03-21,Chennai,Kolkata,08:20:00,10:35:00,135,0.0,No check-in baggage included,3332
Multiple Carriers,2019-04-09,Delhi,Cochin,08:30:00,19:00:00,630,1.0,No Info,10877
Indigo,2019-05-24,Kolkata,Banglore,15:15:00,20:05:00,290,1.0,No Info,5192
Jet Airways,2019-05-09,Kolkata,Banglore,20:00:00,18:15:00,1335,1.0,In-flight meal not included,7757
Vistara,2019-03-15,Delhi,Cochin,06:00:00,09:10:00,190,0.0,No Info,6111
Jet Airways,2019-03-06,Banglore,New Delhi,05:45:00,19:10:00,805,1.0,No Info,16736
Air India,2019-05-12,Kolkata,Banglore,10:00:00,01:20:00,920,2.0,No Info,12140
Indigo,2019-03-09,Delhi,Cochin,07:30:00,21:00:00,810,1.0,No Info,12351
Air India,2019-06-15,Delhi,Cochin,10:55:00,07:40:00,1245,2.0,No Info,11753
Jet Airways,2019-05-09,Kolkata,Banglore,21:10:00,04:40:00,450,1.0,No Info,14388
Jet Airways,2019-05-09,Delhi,Cochin,05:30:00,04:25:00,1375,2.0,No Info,15129
Indigo,2019-06-01,Delhi,Cochin,06:50:00,16:10:00,560,1.0,No Info,6442
Air India,2019-03-12,Mumbai,Hyderabad,05:55:00,20:35:00,880,1.0,No Info,6901
Indigo,2019-04-03,Kolkata,Banglore,09:35:00,12:20:00,165,0.0,No Info,4174
Multiple Carriers,2019-05-09,Delhi,Cochin,11:30:00,19:15:00,465,1.0,No Info,14323
Jet Airways,2019-05-24,Kolkata,Banglore,10:20:00,17:35:00,435,1.0,In-flight meal not included,6287
Multiple Carriers,2019-06-24,Delhi,Cochin,07:10:00,22:30:00,920,1.0,No Info,6723
Multiple Carriers,2019-03-06,Delhi,Cochin,10:20:00,18:50:00,510,1.0,No Info,15411
Air India,2019-06-01,Banglore,Delhi,21:05:00,23:55:00,170,0.0,No Info,5228
Indigo,2019-03-27,Delhi,Cochin,10:45:00,21:00:00,615,1.0,No Info,6838
Goair,2019-04-03,Delhi,Cochin,07:00:00,12:55:00,355,1.0,No Info,4725
Indigo,2019-03-03,Delhi,Cochin,07:30:00,21:00:00,810,1.0,No Info,14871
Multiple Carriers,2019-03-03,Delhi,Cochin,02:15:00,13:20:00,665,1.0,No Info,17057
Indigo,2019-06-01,Delhi,Cochin,02:00:00,07:45:00,345,1.0,No Info,6386
Multiple Carriers,2019-03-09,Delhi,Cochin,17:25:00,01:35:00,490,1.0,In-flight meal not included,12616
Jet Airways,2019-05-15,Kolkata,Banglore,18:55:00,19:50:00,1495,1.0,In-flight meal not included,10844
Multiple Carriers,2019-03-27,Delhi,Cochin,07:10:00,22:20:00,910,1.0,No Info,6145
Indigo,2019-04-27,Delhi,Cochin,07:35:00,12:10:00,275,1.0,No Info,5073
Air India,2019-03-24,Delhi,Cochin,04:00:00,07:40:00,1660,1.0,No Info,8635
Jet Airways,2019-06-03,Delhi,Cochin,19:45:00,12:35:00,1010,1.0,In-flight meal not included,10262
Jet Airways,2019-05-27,Delhi,Cochin,07:05:00,04:25:00,1280,1.0,In-flight meal not included,12898
Spicejet,2019-05-03,Mumbai,Hyderabad,22:45:00,00:15:00,90,0.0,No Info,2227
Jet Airways,2019-06-06,Kolkata,Banglore,09:35:00,14:25:00,1730,1.0,No Info,12692
Multiple Carriers,2019-06-09,Delhi,Cochin,11:40:00,21:00:00,560,1.0,No Info,7005
Jet Airways,2019-05-21,Kolkata,Banglore,14:05:00,04:40:00,875,1.0,In-flight meal not included,9663
Air Asia,2019-05-15,Delhi,Cochin,16:45:00,07:10:00,865,1.0,No Info,6752
Goair,2019-06-06,Banglore,Delhi,20:55:00,23:40:00,165,0.0,No Info,3419
Vistara,2019-04-15,Banglore,Delhi,09:45:00,12:35:00,170,0.0,No Info,5403
Indigo,2019-05-15,Delhi,Cochin,11:25:00,01:30:00,845,1.0,No Info,6979
Jet Airways,2019-03-12,Banglore,New Delhi,21:25:00,09:30:00,725,1.0,No Info,13817
Multiple Carriers,2019-03-03,Delhi,Cochin,08:00:00,21:00:00,780,1.0,No Info,17057
Multiple Carriers,2019-06-24,Delhi,Cochin,03:50:00,12:35:00,525,1.0,No Info,12192
Air India,2019-05-18,Delhi,Cochin,21:00:00,07:40:00,640,1.0,No Info,8372
Jet Airways,2019-06-15,Delhi,Cochin,09:35:00,12:35:00,1620,2.0,No Info,12609
Jet Airways,2019-06-12,Delhi,Cochin,11:30:00,04:25:00,1015,1.0,In-flight meal not included,10262
Jet Airways,2019-05-15,Kolkata,Banglore,09:35:00,19:10:00,575,1.0,In-flight meal not included,12384
Air Asia,2019-06-09,Kolkata,Banglore,22:40:00,10:40:00,720,1.0,No Info,11323
Vistara,2019-04-06,Banglore,Delhi,11:30:00,14:20:00,170,0.0,No Info,5969
Air India,2019-06-15,Mumbai,Hyderabad,19:30:00,20:45:00,75,0.0,No Info,3100
Jet Airways,2019-06-15,Delhi,Cochin,19:30:00,12:35:00,1025,2.0,In-flight meal not included,10368
Jet Airways,2019-03-15,Banglore,New Delhi,05:45:00,15:15:00,570,1.0,In-flight meal not included,9134
Multiple Carriers,2019-03-06,Delhi,Cochin,09:00:00,15:30:00,390,1.0,In-flight meal not included,15136
Jet Airways,2019-05-06,Kolkata,Banglore,20:25:00,15:05:00,1120,1.0,No Info,13067
Air India,2019-03-09,Delhi,Cochin,22:00:00,19:15:00,1275,2.0,No Info,14851
Multiple Carriers,2019-05-21,Delhi,Cochin,13:00:00,19:15:00,375,1.0,No Info,14848
Indigo,2019-03-18,Chennai,Kolkata,19:35:00,21:55:00,140,0.0,No Info,4332
Air India,2019-05-18,Kolkata,Banglore,09:25:00,13:45:00,1700,2.0,No Info,13222
Jet Airways,2019-05-01,Kolkata,Banglore,21:10:00,09:20:00,730,1.0,No Info,14781
Air India,2019-05-24,Kolkata,Banglore,10:00:00,20:25:00,625,1.0,No Info,10413
Spicejet,2019-05-01,Mumbai,Hyderabad,05:45:00,07:15:00,90,0.0,No Info,2017
Multiple Carriers,2019-03-27,Delhi,Cochin,02:15:00,15:30:00,795,1.0,No Info,12327
Jet Airways,2019-03-01,Banglore,New Delhi,05:45:00,18:25:00,760,1.0,No Info,26890
Jet Airways,2019-03-18,Banglore,New Delhi,08:55:00,18:25:00,570,1.0,No Info,12284
Jet Airways,2019-06-12,Delhi,Cochin,18:20:00,12:35:00,1095,2.0,No Info,14300
Air India,2019-06-06,Kolkata,Banglore,05:50:00,20:25:00,875,2.0,No Info,10991
Jet Airways,2019-06-24,Delhi,Cochin,18:15:00,12:35:00,1100,1.0,In-flight meal not included,10262
Jet Airways,2019-06-06,Delhi,Cochin,10:00:00,19:00:00,540,1.0,In-flight meal not included,10262
Indigo,2019-05-03,Banglore,Delhi,16:55:00,19:55:00,180,0.0,No Info,4823
Indigo,2019-05-06,Chennai,Kolkata,14:45:00,17:05:00,140,0.0,No Info,3597
Indigo,2019-06-12,Delhi,Cochin,09:15:00,01:30:00,975,1.0,No Info,6628
Jet Airways,2019-03-06,Banglore,New Delhi,07:00:00,18:25:00,685,1.0,No Info,16736
Multiple Carriers,2019-06-15,Delhi,Cochin,08:00:00,21:00:00,780,1.0,No Info,13587
Air India,2019-06-24,Banglore,Delhi,21:05:00,23:55:00,170,0.0,No Info,6961
Indigo,2019-03-18,Kolkata,Banglore,20:25:00,23:05:00,160,0.0,No Info,4462
Air India,2019-03-03,Delhi,Cochin,17:15:00,19:15:00,1560,2.0,No Info,13442
Jet Airways,2019-03-12,Banglore,New Delhi,22:55:00,07:40:00,525,1.0,In-flight meal not included,11087
Jet Airways,2019-04-27,Banglore,Delhi,15:15:00,18:10:00,175,0.0,No Info,7229
Jet Airways,2019-05-21,Kolkata,Banglore,14:05:00,08:15:00,1090,1.0,In-flight meal not included,9663
Jet Airways,2019-06-15,Banglore,Delhi,19:50:00,22:50:00,180,0.0,In-flight meal not included,7229
Jet Airways,2019-03-06,Banglore,New Delhi,21:25:00,10:25:00,780,1.0,No Info,17261
Jet Airways,2019-05-18,Kolkata,Banglore,21:10:00,10:05:00,775,1.0,No Info,13941
Air Asia,2019-04-09,Kolkata,Banglore,06:50:00,10:30:00,220,1.0,No Info,5162
Goair,2019-04-15,Delhi,Cochin,07:25:00,13:35:00,370,1.0,No Info,5052
Jet Airways,2019-03-27,Delhi,Cochin,05:25:00,19:45:00,2300,2.0,In-flight meal not included,9254
Indigo,2019-06-24,Delhi,Cochin,17:05:00,22:15:00,310,1.0,No Info,6147
Indigo,2019-03-03,Delhi,Cochin,06:40:00,13:20:00,400,1.0,No Info,14871
Jet Airways,2019-05-27,Delhi,Cochin,13:25:00,04:25:00,900,2.0,No Info,16704
Multiple Carriers,2019-05-15,Delhi,Cochin,13:00:00,21:00:00,480,1.0,No Info,13727
Indigo,2019-04-27,Kolkata,Banglore,09:35:00,12:20:00,165,0.0,No Info,4804
Jet Airways,2019-06-03,Banglore,Delhi,07:10:00,10:10:00,180,0.0,In-flight meal not included,5769
Air India,2019-05-21,Kolkata,Banglore,08:20:00,18:30:00,610,2.0,No Info,10697
Multiple Carriers,2019-05-21,Delhi,Cochin,09:00:00,19:15:00,615,1.0,No Info,14848
Jet Airways,2019-05-21,Kolkata,Banglore,20:25:00,19:10:00,1365,1.0,No Info,13067
Multiple Carriers,2019-05-15,Delhi,Cochin,10:00:00,19:15:00,555,1.0,No Info,14323
Jet Airways,2019-05-21,Banglore,Delhi,11:10:00,14:05:00,175,0.0,In-flight meal not included,4030
Indigo,2019-03-09,Banglore,New Delhi,17:55:00,22:55:00,300,1.0,No Info,6351
Air India,2019-03-27,Chennai,Kolkata,11:40:00,13:55:00,135,0.0,No Info,3145
Multiple Carriers,2019-06-27,Delhi,Cochin,15:00:00,01:30:00,630,1.0,No Info,13377
Indigo,2019-05-27,Delhi,Cochin,05:05:00,16:10:00,665,1.0,No Info,6600
Indigo,2019-06-27,Banglore,Delhi,16:55:00,19:55:00,180,0.0,No Info,4823
Indigo,2019-05-09,Kolkata,Banglore,21:00:00,02:15:00,315,1.0,No Info,7605
Spicejet,2019-04-03,Kolkata,Banglore,06:55:00,09:30:00,155,0.0,No Info,3873
Multiple Carriers,2019-06-15,Delhi,Cochin,08:45:00,21:00:00,735,1.0,No Info,7005
Jet Airways,2019-05-21,Kolkata,Banglore,09:35:00,09:45:00,1450,1.0,No Info,13067
Indigo,2019-03-27,Delhi,Cochin,04:45:00,13:20:00,515,1.0,No Info,7048
Indigo,2019-05-21,Mumbai,Hyderabad,02:35:00,04:05:00,90,0.0,No Info,2754
Air India,2019-03-12,Banglore,New Delhi,06:45:00,20:35:00,830,1.0,No Info,12127
Multiple Carriers,2019-05-27,Delhi,Cochin,11:40:00,01:30:00,830,1.0,No Info,6795
Air Asia,2019-03-21,Kolkata,Banglore,10:20:00,12:55:00,155,0.0,No Info,4082
Air Asia,2019-04-01,Kolkata,Banglore,22:50:00,01:20:00,150,0.0,No Info,4107
Jet Airways,2019-05-15,Kolkata,Banglore,16:30:00,22:35:00,365,1.0,No Info,14781
Multiple Carriers,2019-03-21,Delhi,Cochin,09:45:00,21:20:00,695,2.0,No Info,7178
Jet Airways,2019-06-12,Kolkata,Banglore,16:30:00,04:40:00,730,1.0,In-flight meal not included,6224
Indigo,2019-03-06,Delhi,Cochin,04:55:00,16:10:00,675,1.0,No Info,6171
Air India,2019-03-15,Kolkata,Banglore,14:15:00,16:45:00,150,0.0,No Info,5170
Jet Airways,2019-03-21,Delhi,Cochin,19:15:00,18:50:00,1415,1.0,No Info,12347
Jet Airways,2019-05-06,Kolkata,Banglore,14:05:00,04:40:00,875,1.0,In-flight meal not included,9663
Air India,2019-06-15,Delhi,Cochin,13:15:00,19:15:00,1800,2.0,No Info,12182
Jet Airways,2019-05-06,Kolkata,Banglore,14:05:00,20:45:00,400,1.0,In-flight meal not included,9663
Jet Airways,2019-06-09,Kolkata,Banglore,20:25:00,18:00:00,1295,1.0,No Info,13401
Jet Airways,2019-05-15,Kolkata,Banglore,09:35:00,19:10:00,575,1.0,No Info,13067
Jet Airways,2019-04-01,Kolkata,Banglore,21:10:00,10:05:00,775,1.0,No Info,13784
Air Asia,2019-03-27,Delhi,Cochin,07:55:00,15:45:00,470,1.0,No Info,6151
Jet Airways,2019-03-06,Banglore,New Delhi,16:55:00,11:25:00,1110,1.0,No Info,17261
Jet Airways,2019-06-09,Kolkata,Banglore,06:30:00,19:50:00,800,1.0,No Info,14571
Vistara,2019-03-24,Kolkata,Banglore,09:55:00,20:25:00,630,1.0,No Info,12312
Vistara,2019-05-06,Chennai,Kolkata,17:45:00,20:05:00,140,0.0,No Info,11982
Jet Airways,2019-06-24,Mumbai,Hyderabad,19:35:00,21:05:00,90,0.0,In-flight meal not included,3210
Jet Airways,2019-05-15,Banglore,Delhi,18:55:00,22:00:00,185,0.0,No Info,7229
Multiple Carriers,2019-03-03,Delhi,Cochin,08:00:00,18:50:00,650,1.0,No Info,15342
Jet Airways,2019-06-06,Kolkata,Banglore,09:35:00,18:00:00,505,1.0,In-flight meal not included,10539
Air India,2019-05-06,Kolkata,Banglore,12:00:00,07:55:00,1195,2.0,No Info,10151
Multiple Carriers,2019-06-12,Delhi,Cochin,10:20:00,19:00:00,520,1.0,No Info,11789
Jet Airways,2019-05-12,Kolkata,Banglore,18:55:00,04:40:00,585,1.0,No Info,14388
Air India,2019-03-27,Mumbai,Hyderabad,21:05:00,22:25:00,80,0.0,No Info,2575
Jet Airways,2019-06-12,Banglore,Delhi,08:20:00,11:20:00,180,0.0,In-flight meal not included,5769
Jet Airways,2019-05-18,Delhi,Cochin,18:15:00,12:35:00,1100,1.0,In-flight meal not included,12373
Air India,2019-03-18,Delhi,Cochin,14:10:00,17:10:00,180,0.0,No Info,5674
Air India,2019-03-12,Banglore,New Delhi,06:45:00,23:15:00,990,1.0,No Info,11602
Jet Airways,2019-05-18,Delhi,Cochin,17:30:00,04:25:00,655,1.0,In-flight meal not included,12373
Air India,2019-06-06,Kolkata,Banglore,09:25:00,18:30:00,545,1.0,No Info,8366
Air Asia,2019-04-12,Kolkata,Banglore,19:55:00,22:25:00,150,0.0,No Info,4409
Jet Airways,2019-05-06,Kolkata,Banglore,17:00:00,21:05:00,1685,1.0,No Info,13067
Jet Airways,2019-05-01,Kolkata,Banglore,18:55:00,08:15:00,800,1.0,In-flight meal not included,8586
Multiple Carriers,2019-06-15,Delhi,Cochin,11:40:00,19:15:00,455,1.0,No Info,9526
Air India,2019-05-12,Kolkata,Banglore,20:30:00,08:55:00,745,1.0,No Info,10203
Jet Airways,2019-05-18,Delhi,Cochin,09:00:00,04:25:00,1165,1.0,In-flight meal not included,12373
Air India,2019-05-21,Delhi,Cochin,09:30:00,23:00:00,810,1.0,No Info,8907
Jet Airways,2019-05-27,Banglore,Delhi,18:55:00,22:00:00,185,0.0,No Info,7229
Jet Airways,2019-06-01,Delhi,Cochin,10:00:00,04:25:00,1105,1.0,In-flight meal not included,10262
Multiple Carriers,2019-03-27,Delhi,Cochin,09:00:00,21:00:00,720,1.0,No Info,6883
Air Asia,2019-06-09,Delhi,Cochin,07:55:00,13:25:00,330,1.0,No Info,8759
Air India,2019-06-27,Delhi,Cochin,17:20:00,09:25:00,965,1.0,No Info,7480
Jet Airways,2019-05-18,Delhi,Cochin,05:30:00,19:00:00,810,2.0,In-flight meal not included,13029
Jet Airways,2019-05-15,Banglore,Delhi,11:10:00,14:05:00,175,0.0,No Info,7229
Indigo,2019-05-12,Banglore,Delhi,07:10:00,10:05:00,175,0.0,No Info,4823
Vistara,2019-03-09,Banglore,New Delhi,09:50:00,12:35:00,165,0.0,No Info,7240
Jet Airways,2019-05-06,Delhi,Cochin,11:40:00,19:00:00,440,2.0,No Info,21219
Jet Airways,2019-06-09,Kolkata,Banglore,18:55:00,20:45:00,1550,1.0,In-flight meal not included,10844
Air India,2019-03-24,Kolkata,Banglore,07:00:00,10:00:00,1620,2.0,No Info,11491
Air India,2019-06-03,Delhi,Cochin,17:40:00,09:35:00,955,1.0,No Info,7258
Jet Airways,2019-06-27,Mumbai,Hyderabad,10:20:00,11:50:00,90,0.0,No Info,8040
Indigo,2019-06-15,Banglore,Delhi,01:30:00,04:15:00,165,0.0,No Info,3419
Jet Airways,2019-05-18,Kolkata,Banglore,18:55:00,23:35:00,1720,1.0,In-flight meal not included,10844
Jet Airways,2019-05-18,Kolkata,Banglore,14:05:00,16:20:00,1575,1.0,In-flight meal not included,10844
Jet Airways,2019-06-06,Kolkata,Banglore,20:00:00,16:20:00,1220,1.0,No Info,14571
Jet Airways,2019-03-01,Banglore,New Delhi,11:40:00,18:25:00,405,1.0,No Info,26890
Indigo,2019-06-03,Kolkata,Banglore,20:25:00,23:10:00,165,0.0,No Info,4804
Multiple Carriers,2019-05-21,Delhi,Cochin,04:55:00,19:15:00,860,1.0,No Info,7575
Air India,2019-03-06,Delhi,Cochin,13:30:00,08:15:00,1125,1.0,No Info,11563
Jet Airways,2019-05-21,Kolkata,Banglore,18:55:00,04:40:00,585,1.0,No Info,14388
Multiple Carriers,2019-03-27,Delhi,Cochin,09:55:00,21:00:00,665,1.0,No Info,12537
Spicejet,2019-06-27,Delhi,Cochin,17:55:00,22:50:00,295,1.0,No Info,4957
Jet Airways,2019-06-24,Delhi,Cochin,02:15:00,12:35:00,620,1.0,No Info,18371
Indigo,2019-05-27,Chennai,Kolkata,13:15:00,15:35:00,140,0.0,No Info,3597
Multiple Carriers,2019-05-15,Delhi,Cochin,10:00:00,01:30:00,930,1.0,No Info,8073
Multiple Carriers,2019-06-01,Delhi,Cochin,03:50:00,19:00:00,910,1.0,No Info,12192
Indigo,2019-06-03,Delhi,Cochin,06:40:00,21:00:00,860,1.0,No Info,6093
Spicejet,2019-05-27,Banglore,Delhi,09:30:00,12:20:00,170,0.0,No Info,3625
Spicejet,2019-03-03,Kolkata,Banglore,22:20:00,00:40:00,140,0.0,No Info,5515
Indigo,2019-03-15,Banglore,New Delhi,10:10:00,13:00:00,170,0.0,No Info,6144
Air Asia,2019-04-15,Banglore,Delhi,23:55:00,02:45:00,170,0.0,No Info,4483
Jet Airways,2019-06-01,Delhi,Cochin,15:00:00,12:35:00,1295,1.0,In-flight meal not included,10262
Jet Airways,2019-05-06,Kolkata,Banglore,08:25:00,16:20:00,475,1.0,No Info,14781
Jet Airways,2019-06-06,Kolkata,Banglore,21:10:00,09:20:00,730,1.0,No Info,14571
Indigo,2019-06-06,Banglore,Delhi,08:30:00,11:20:00,170,0.0,No Info,4823
Air India,2019-06-06,Delhi,Cochin,05:10:00,08:00:00,170,0.0,No Info,5201
Goair,2019-05-01,Banglore,Delhi,07:45:00,10:40:00,175,0.0,No Info,3898
Jet Airways,2019-06-15,Delhi,Cochin,12:15:00,12:35:00,1460,2.0,No Info,14300
Air India,2019-03-24,Banglore,New Delhi,17:00:00,19:45:00,165,0.0,No Info,7486
Jet Airways,2019-06-21,Banglore,Delhi,18:55:00,22:00:00,185,0.0,In-flight meal not included,7754
Air India,2019-06-27,Delhi,Cochin,22:00:00,19:15:00,1275,2.0,No Info,10441
Indigo,2019-05-06,Kolkata,Banglore,18:05:00,23:30:00,325,1.0,No Info,6218
Jet Airways,2019-04-01,Kolkata,Banglore,20:00:00,12:00:00,960,1.0,In-flight meal not included,7064
Multiple Carriers,2019-06-24,Delhi,Cochin,06:00:00,19:00:00,780,1.0,No Info,12524
Jet Airways,2019-05-18,Delhi,Cochin,14:00:00,19:00:00,300,1.0,In-flight meal not included,12373
Jet Airways,2019-03-06,Delhi,Cochin,17:55:00,04:25:00,2070,2.0,In-flight meal not included,15812
Indigo,2019-05-06,Banglore,Delhi,21:15:00,00:15:00,180,0.0,No Info,3943
Jet Airways,2019-06-06,Kolkata,Banglore,21:10:00,04:40:00,450,1.0,No Info,13374
Indigo,2019-03-18,Mumbai,Hyderabad,20:05:00,21:35:00,90,0.0,No Info,2227
Jet Airways,2019-04-09,Banglore,Delhi,06:00:00,08:45:00,165,0.0,In-flight meal not included,4544
Jet Airways,2019-06-09,Kolkata,Banglore,20:00:00,16:20:00,1220,1.0,No Info,14571
Indigo,2019-05-06,Kolkata,Banglore,08:10:00,13:00:00,290,1.0,No Info,5069
Indigo,2019-05-24,Mumbai,Hyderabad,09:10:00,10:40:00,90,0.0,No Info,5755
Multiple Carriers,2019-06-15,Delhi,Cochin,18:15:00,01:30:00,435,1.0,No Info,13377
Air India,2019-03-03,Banglore,New Delhi,11:05:00,22:45:00,700,1.0,No Info,11444
Jet Airways,2019-05-01,Mumbai,Hyderabad,19:35:00,21:05:00,90,0.0,In-flight meal not included,2228
Indigo,2019-03-24,Kolkata,Banglore,08:15:00,13:00:00,285,1.0,No Info,6303
Air India,2019-04-09,Delhi,Cochin,12:55:00,19:15:00,1820,2.0,No Info,9968
Vistara,2019-05-27,Banglore,Delhi,09:45:00,12:35:00,170,0.0,No Info,4668
Goair,2019-06-03,Banglore,Delhi,20:55:00,23:40:00,165,0.0,No Info,3419
Jet Airways,2019-05-21,Delhi,Cochin,07:05:00,19:00:00,715,1.0,No Info,16289
Vistara,2019-03-06,Mumbai,Hyderabad,20:55:00,16:45:00,1190,1.0,No Info,12395
Indigo,2019-06-15,Delhi,Cochin,05:05:00,16:10:00,665,1.0,No Info,6818
Jet Airways,2019-05-21,Kolkata,Banglore,06:30:00,08:15:00,1545,1.0,In-flight meal not included,8586
Jet Airways,2019-05-01,Kolkata,Banglore,17:00:00,10:55:00,1075,1.0,No Info,12121
Jet Airways,2019-04-01,Kolkata,Banglore,08:25:00,16:20:00,475,1.0,No Info,12996
Indigo,2019-03-21,Delhi,Cochin,09:10:00,21:00:00,710,1.0,No Info,8285
Air India,2019-05-18,Kolkata,Banglore,08:20:00,20:25:00,725,2.0,No Info,12534
Jet Airways,2019-03-27,Delhi,Cochin,15:05:00,04:25:00,800,1.0,In-flight meal not included,6017
Indigo,2019-05-18,Kolkata,Banglore,04:40:00,07:15:00,155,0.0,No Info,4804
Jet Airways,2019-06-21,Mumbai,Hyderabad,07:05:00,08:30:00,85,0.0,In-flight meal not included,4995
Multiple Carriers,2019-05-09,Delhi,Cochin,07:00:00,19:00:00,720,1.0,No Info,10197
Jet Airways,2019-06-03,Delhi,Cochin,09:40:00,12:35:00,1615,2.0,No Info,13014
Jet Airways,2019-05-01,Kolkata,Banglore,06:30:00,08:15:00,1545,1.0,In-flight meal not included,9663
Jet Airways,2019-03-06,Banglore,New Delhi,07:00:00,12:25:00,325,1.0,No Info,22270
Jet Airways,2019-05-27,Delhi,Cochin,09:35:00,12:35:00,1620,2.0,In-flight meal not included,12872
Jet Airways,2019-05-15,Kolkata,Banglore,09:35:00,18:00:00,505,1.0,No Info,13067
Jet Airways,2019-03-06,Delhi,Cochin,08:00:00,04:25:00,1225,1.0,In-flight meal not included,13843
Vistara,2019-06-09,Banglore,Delhi,11:30:00,14:20:00,170,0.0,No Info,4668
Jet Airways,2019-04-01,Banglore,Delhi,07:10:00,10:10:00,180,0.0,No Info,7229
Jet Airways,2019-06-18,Mumbai,Hyderabad,08:45:00,10:15:00,90,0.0,No Info,8040
Indigo,2019-03-09,Delhi,Cochin,05:35:00,10:10:00,275,1.0,No Info,9476
Vistara,2019-06-27,Delhi,Cochin,14:40:00,17:50:00,190,0.0,No Info,6216
Jet Airways,2019-03-06,Delhi,Cochin,19:45:00,04:25:00,520,1.0,No Info,15764
Indigo,2019-04-12,Banglore,Delhi,18:25:00,21:20:00,175,0.0,No Info,4990
Multiple Carriers,2019-06-27,Delhi,Cochin,08:00:00,21:00:00,780,1.0,No Info,7408
Air India,2019-05-24,Kolkata,Banglore,09:50:00,08:55:00,1385,2.0,No Info,15170
Jet Airways,2019-03-18,Mumbai,Hyderabad,10:20:00,11:50:00,90,0.0,No Info,8040
Jet Airways,2019-05-09,Delhi,Cochin,22:50:00,19:00:00,1210,1.0,In-flight meal not included,12373
Multiple Carriers,2019-06-06,Delhi,Cochin,10:20:00,01:30:00,910,1.0,No Info,6795
Indigo,2019-04-09,Kolkata,Banglore,21:25:00,00:05:00,160,0.0,No Info,4174
Jet Airways,2019-05-21,Delhi,Cochin,19:30:00,12:35:00,1025,2.0,In-flight meal not included,13029
Air India,2019-03-03,Banglore,New Delhi,09:30:00,16:20:00,410,1.0,No Info,11654
Multiple Carriers,2019-06-27,Delhi,Cochin,06:00:00,12:35:00,395,1.0,In-flight meal not included,10791
Jet Airways,2019-05-01,Kolkata,Banglore,17:00:00,14:25:00,1285,1.0,In-flight meal not included,9314
Jet Airways,2019-03-01,Banglore,New Delhi,22:50:00,00:45:00,1555,1.0,No Info,26890
Multiple Carriers,2019-06-03,Delhi,Cochin,11:25:00,19:00:00,455,1.0,No Info,10877
Jet Airways,2019-04-01,Kolkata,Banglore,16:30:00,23:35:00,425,1.0,In-flight meal not included,7064
Indigo,2019-06-12,Delhi,Cochin,15:00:00,01:30:00,630,1.0,No Info,5684
Jet Airways,2019-03-06,Delhi,Cochin,07:05:00,04:25:00,1280,1.0,No Info,17234
Jet Airways,2019-03-15,Mumbai,Hyderabad,19:35:00,21:05:00,90,0.0,No Info,5678
Air Asia,2019-05-21,Banglore,Delhi,11:10:00,13:55:00,165,0.0,No Info,3383
Air Asia,2019-05-24,Kolkata,Banglore,15:10:00,23:30:00,500,2.0,No Info,5192
Air India,2019-03-06,Banglore,New Delhi,11:50:00,23:55:00,725,1.0,No Info,15434
Spicejet,2019-06-18,Kolkata,Banglore,06:55:00,09:30:00,155,0.0,No Info,3873
Indigo,2019-06-15,Delhi,Cochin,17:30:00,01:30:00,480,1.0,No Info,5883
Indigo,2019-06-27,Chennai,Kolkata,13:15:00,15:35:00,140,0.0,No Info,3597
Goair,2019-04-12,Banglore,Delhi,07:45:00,10:40:00,175,0.0,No Info,6722
Multiple Carriers,2019-05-09,Delhi,Cochin,10:00:00,19:15:00,555,1.0,No Info,14323
Indigo,2019-03-18,Mumbai,Hyderabad,12:00:00,13:25:00,85,0.0,No Info,2754
Jet Airways,2019-03-21,Mumbai,Hyderabad,07:10:00,08:35:00,85,0.0,In-flight meal not included,4160
Indigo,2019-03-03,Delhi,Cochin,15:00:00,01:35:00,635,1.0,No Info,14871
Air India,2019-05-01,Chennai,Kolkata,11:40:00,13:55:00,135,0.0,No Info,4667
Air India,2019-03-24,Kolkata,Banglore,09:25:00,05:35:00,1210,2.0,No Info,12352
Air India,2019-05-21,Delhi,Cochin,09:45:00,09:25:00,1420,2.0,No Info,10975
Jet Airways,2019-06-09,Delhi,Cochin,08:00:00,04:25:00,1225,1.0,In-flight meal not included,10262
Vistara,2019-04-12,Banglore,Delhi,17:00:00,19:35:00,155,0.0,No Info,5613
Jet Airways,2019-06-09,Kolkata,Banglore,16:30:00,23:35:00,425,1.0,In-flight meal not included,10844
Air India,2019-03-27,Delhi,Cochin,05:15:00,06:50:00,1535,1.0,No Info,7165
Indigo,2019-04-15,Kolkata,Banglore,09:35:00,12:20:00,165,0.0,No Info,4174
Spicejet,2019-04-03,Banglore,Delhi,21:10:00,00:05:00,175,0.0,No Info,3971
Air India,2019-05-24,Kolkata,Banglore,07:00:00,01:20:00,1100,2.0,No Info,13873
Air India,2019-05-12,Kolkata,Banglore,16:45:00,08:55:00,970,2.0,No Info,13437
Air India,2019-05-01,Kolkata,Banglore,14:35:00,14:35:00,1440,1.0,No Info,7001
Indigo,2019-06-21,Mumbai,Hyderabad,19:05:00,20:35:00,90,0.0,No Info,4049
Air India,2019-05-27,Delhi,Cochin,12:20:00,19:15:00,1855,2.0,No Info,12488
Jet Airways,2019-06-12,Delhi,Cochin,19:45:00,04:25:00,520,1.0,In-flight meal not included,10262
Indigo,2019-06-09,Banglore,Delhi,00:25:00,03:15:00,170,0.0,No Info,3943
Air India,2019-06-21,Banglore,Delhi,21:05:00,23:55:00,170,0.0,No Info,5228
Air India,2019-05-21,Kolkata,Banglore,14:35:00,14:35:00,1440,1.0,No Info,6528
Spicejet,2019-04-15,Banglore,Delhi,21:10:00,00:05:00,175,0.0,No check-in baggage included,3919
Air India,2019-05-18,Kolkata,Banglore,08:20:00,07:55:00,1415,2.0,No Info,10697
Jet Airways,2019-06-06,Kolkata,Banglore,20:25:00,10:55:00,870,1.0,In-flight meal not included,10539
Vistara,2019-05-18,Kolkata,Banglore,07:10:00,23:25:00,975,1.0,No Info,9345
Spicejet,2019-05-18,Mumbai,Hyderabad,05:45:00,07:15:00,90,0.0,No Info,2017
Indigo,2019-05-15,Kolkata,Banglore,15:30:00,18:05:00,155,0.0,No Info,4804
Air India,2019-03-09,Banglore,New Delhi,11:50:00,23:55:00,725,1.0,No Info,10972
Jet Airways,2019-03-18,Mumbai,Hyderabad,07:10:00,08:35:00,85,0.0,In-flight meal not included,4995
Indigo,2019-06-24,Delhi,Cochin,07:35:00,16:10:00,515,1.0,No Info,6442
Jet Airways,2019-03-24,Kolkata,Banglore,19:45:00,16:20:00,1235,1.0,No Info,13759
Jet Airways,2019-05-01,Delhi,Cochin,19:10:00,19:00:00,1430,2.0,No Info,15129
Indigo,2019-05-18,Delhi,Cochin,07:35:00,22:30:00,895,1.0,No Info,7144
Air Asia,2019-04-01,Kolkata,Banglore,22:40:00,10:40:00,720,1.0,No Info,5192
Air India,2019-03-03,Delhi,Cochin,08:00:00,19:15:00,675,1.0,No Info,15197
Jet Airways,2019-06-24,Delhi,Cochin,09:00:00,19:00:00,600,1.0,No Info,18371
Air India,2019-06-15,Banglore,Delhi,13:20:00,16:10:00,170,0.0,No Info,6961
Air India,2019-04-06,Delhi,Cochin,20:40:00,09:25:00,765,1.0,No Info,5117
Jet Airways,2019-03-18,Banglore,New Delhi,14:05:00,07:40:00,1055,1.0,In-flight meal not included,10972
Air India,2019-06-01,Delhi,Cochin,05:10:00,08:00:00,170,0.0,No Info,6094
Jet Airways,2019-05-06,Kolkata,Banglore,20:25:00,23:35:00,1630,1.0,In-flight meal not included,8066
Indigo,2019-05-01,Kolkata,Banglore,07:10:00,12:40:00,330,1.0,No Info,6111
Jet Airways,2019-05-21,Kolkata,Banglore,08:25:00,08:15:00,1430,1.0,In-flight meal not included,8586
Jet Airways,2019-05-09,Kolkata,Banglore,17:00:00,23:35:00,395,1.0,No Info,10624
Jet Airways,2019-03-09,Banglore,New Delhi,05:45:00,11:25:00,340,1.0,In-flight meal not included,11087
Jet Airways,2019-03-09,Delhi,Cochin,20:50:00,18:50:00,1320,1.0,No Info,16289
Air India,2019-03-09,Delhi,Cochin,21:40:00,07:40:00,600,1.0,No Info,13832
Air India,2019-06-27,Kolkata,Banglore,20:45:00,23:20:00,155,0.0,No Info,4145
Goair,2019-05-24,Kolkata,Banglore,23:30:00,07:45:00,495,1.0,No Info,7335
Jet Airways,2019-06-09,Kolkata,Banglore,17:00:00,09:45:00,1005,1.0,No Info,14151
Air India,2019-03-06,Delhi,Cochin,10:00:00,19:15:00,555,1.0,No Info,16439
Indigo,2019-05-21,Delhi,Cochin,20:25:00,01:30:00,305,1.0,No Info,5054
Spicejet,2019-06-12,Mumbai,Hyderabad,13:15:00,14:45:00,90,0.0,No Info,2017
Jet Airways,2019-03-24,Kolkata,Banglore,21:10:00,16:20:00,1150,1.0,No Info,13759
Air India,2019-05-01,Kolkata,Banglore,16:45:00,21:05:00,1700,1.0,No Info,7452
Jet Airways,2019-06-12,Kolkata,Banglore,20:00:00,12:00:00,960,1.0,No Info,13044
Multiple Carriers,2019-06-24,Delhi,Cochin,07:30:00,19:00:00,690,1.0,No Info,10877
Jet Airways,2019-05-18,Kolkata,Banglore,08:25:00,09:20:00,1495,1.0,In-flight meal not included,9663
Jet Airways,2019-03-12,Mumbai,Hyderabad,03:00:00,16:35:00,815,1.0,No Info,22294
Air India,2019-05-06,Kolkata,Banglore,09:25:00,01:20:00,955,2.0,No Info,11458
Air India,2019-03-21,Delhi,Cochin,20:30:00,23:00:00,1590,1.0,No Info,5704
Spicejet,2019-06-18,Banglore,Delhi,05:55:00,08:35:00,160,0.0,No check-in baggage included,3573
Vistara,2019-05-18,Banglore,Delhi,17:00:00,19:35:00,155,0.0,No Info,4878
Multiple Carriers,2019-06-01,Delhi,Cochin,17:50:00,01:30:00,460,2.0,No Info,18485
Multiple Carriers,2019-03-09,Delhi,Cochin,04:45:00,19:45:00,900,1.0,No Info,10782
Air India,2019-03-18,Banglore,New Delhi,08:50:00,23:25:00,875,2.0,No Info,11728
Air India,2019-05-01,Kolkata,Banglore,19:00:00,11:05:00,965,1.0,No Info,6117
Jet Airways,2019-06-06,Banglore,Delhi,08:20:00,11:20:00,180,0.0,In-flight meal not included,6478
Jet Airways,2019-06-24,Delhi,Cochin,21:25:00,19:00:00,1295,2.0,No Info,13292
Jet Airways,2019-05-12,Kolkata,Banglore,06:30:00,19:50:00,800,1.0,In-flight meal not included,8586
Jet Airways,2019-06-12,Delhi,Cochin,02:15:00,12:35:00,620,1.0,No Info,18371
Indigo,2019-03-09,Chennai,Kolkata,17:05:00,19:40:00,155,0.0,No Info,6297
Jet Airways,2019-06-06,Banglore,Delhi,18:55:00,22:00:00,185,0.0,In-flight meal not included,7229
Spicejet,2019-05-18,Banglore,Delhi,21:10:00,00:05:00,175,0.0,No check-in baggage included,3919
Indigo,2019-06-15,Delhi,Cochin,08:30:00,21:00:00,750,1.0,No Info,6416
Jet Airways,2019-03-12,Banglore,New Delhi,18:55:00,10:45:00,950,1.0,In-flight meal not included,11087
Jet Airways,2019-06-09,Banglore,Delhi,06:00:00,08:45:00,165,0.0,In-flight meal not included,7229
Air Asia,2019-04-27,Kolkata,Banglore,19:55:00,22:25:00,150,0.0,No Info,4409
Spicejet,2019-05-06,Chennai,Kolkata,09:45:00,12:00:00,135,0.0,No check-in baggage included,3543
Jet Airways,2019-03-27,Delhi,Cochin,06:20:00,18:50:00,750,2.0,No Info,11538
Jet Airways,2019-05-27,Delhi,Cochin,17:30:00,04:25:00,655,1.0,In-flight meal not included,12898
Multiple Carriers,2019-05-18,Delhi,Cochin,10:35:00,19:00:00,505,1.0,No Info,9627
Indigo,2019-03-06,Delhi,Cochin,11:30:00,21:00:00,570,1.0,No Info,14871
Air India,2019-05-18,Kolkata,Banglore,16:50:00,05:35:00,765,2.0,No Info,11642
Spicejet,2019-04-06,Delhi,Cochin,17:55:00,22:50:00,295,1.0,No Info,4957
Spicejet,2019-05-09,Mumbai,Hyderabad,13:15:00,14:45:00,90,0.0,No Info,2227
Vistara,2019-05-12,Kolkata,Banglore,17:00:00,10:45:00,1065,1.0,No Info,9922
Indigo,2019-05-09,Delhi,Cochin,11:25:00,21:00:00,575,1.0,No Info,6979
Jet Airways,2019-04-01,Kolkata,Banglore,18:55:00,04:40:00,585,1.0,No Info,12681
Indigo,2019-04-01,Banglore,Delhi,08:30:00,11:20:00,170,0.0,No Info,4823
Goair,2019-06-09,Delhi,Cochin,10:35:00,19:35:00,540,1.0,No Info,5281
Jet Airways,2019-06-09,Delhi,Cochin,09:25:00,04:25:00,1140,2.0,No Info,13882
Air India,2019-03-15,Banglore,New Delhi,08:15:00,12:15:00,240,1.0,No Info,5013
Indigo,2019-03-03,Delhi,Cochin,07:20:00,12:30:00,310,1.0,No Info,12214
Indigo,2019-03-21,Delhi,Cochin,06:40:00,22:20:00,940,1.0,No Info,6558
Jet Airways,2019-04-01,Kolkata,Banglore,20:00:00,18:15:00,1335,1.0,No Info,12681
Indigo,2019-06-03,Delhi,Cochin,06:50:00,16:10:00,560,1.0,No Info,7514
Multiple Carriers,2019-06-27,Delhi,Cochin,17:50:00,01:30:00,460,2.0,No Info,18275
Air India,2019-06-06,Delhi,Cochin,10:55:00,19:15:00,500,2.0,No Info,11753
Indigo,2019-05-12,Mumbai,Hyderabad,09:10:00,10:40:00,90,0.0,No Info,4049
Jet Airways,2019-03-21,Delhi,Cochin,19:10:00,04:25:00,1995,2.0,In-flight meal not included,8834
Multiple Carriers,2019-06-01,Delhi,Cochin,18:15:00,01:30:00,435,1.0,No Info,13377
Air India,2019-05-21,Delhi,Cochin,10:00:00,19:15:00,555,1.0,No Info,8372
Jet Airways,2019-06-03,Delhi,Cochin,18:15:00,12:35:00,1100,1.0,In-flight meal not included,10262
Multiple Carriers,2019-06-06,Delhi,Cochin,09:15:00,19:00:00,585,1.0,No Info,11622
Indigo,2019-04-03,Delhi,Cochin,20:25:00,01:30:00,305,1.0,No Info,5073
Air India,2019-05-09,Delhi,Cochin,09:00:00,19:15:00,615,1.0,No Info,8372
Multiple Carriers,2019-05-09,Delhi,Cochin,07:05:00,19:15:00,730,1.0,In-flight meal not included,11142
Multiple Carriers,2019-03-03,Delhi,Cochin,16:00:00,01:35:00,575,1.0,No Info,21226
Air India,2019-06-21,Mumbai,Hyderabad,15:00:00,16:25:00,85,0.0,No Info,3100
Multiple Carriers,2019-03-27,Delhi,Cochin,06:00:00,13:20:00,440,1.0,No Info,7845
Spicejet,2019-05-21,Kolkata,Banglore,06:55:00,09:30:00,155,0.0,No check-in baggage included,3841
Indigo,2019-05-18,Kolkata,Banglore,22:15:00,00:50:00,155,0.0,No Info,4804
Jet Airways,2019-03-21,Delhi,Cochin,19:45:00,04:25:00,520,1.0,In-flight meal not included,5963
Indigo,2019-04-12,Banglore,Delhi,21:15:00,00:15:00,180,0.0,No Info,4990
Jet Airways,2019-06-24,Delhi,Cochin,21:50:00,12:35:00,885,1.0,In-flight meal not included,10262
Air India,2019-03-03,Delhi,Cochin,16:40:00,19:15:00,1595,2.0,No Info,14011
Jet Airways,2019-05-09,Kolkata,Banglore,20:00:00,04:40:00,520,1.0,In-flight meal not included,8586
Goair,2019-03-24,Banglore,New Delhi,07:45:00,10:40:00,175,0.0,No Info,5048
Spicejet,2019-05-06,Mumbai,Hyderabad,05:45:00,07:15:00,90,0.0,No check-in baggage included,1965
Air India,2019-06-01,Delhi,Cochin,22:00:00,19:15:00,1275,2.0,No Info,10861
Indigo,2019-04-03,Kolkata,Banglore,19:20:00,23:45:00,265,1.0,No Info,3480
Air India,2019-05-21,Kolkata,Banglore,09:25:00,05:35:00,1210,2.0,No Info,11432
Indigo,2019-05-21,Kolkata,Banglore,06:20:00,10:20:00,240,1.0,No Info,4226
Vistara,2019-06-09,Banglore,Delhi,17:00:00,19:35:00,155,0.0,No Info,4878
Jet Airways,2019-05-21,Kolkata,Banglore,20:00:00,08:15:00,735,1.0,In-flight meal not included,10844
Indigo,2019-06-21,Banglore,Delhi,06:05:00,08:50:00,165,0.0,No Info,3943
Jet Airways,2019-05-03,Banglore,Delhi,08:20:00,11:20:00,180,0.0,No Info,7229
Indigo,2019-06-12,Delhi,Cochin,14:20:00,22:30:00,490,1.0,No Info,6938
